{
	"name": "Jogo",
	"layers": [
		{
			"name": "HUD",
			"overriden": 0,
			"subLayers": [],
			"instances": [
				{
					"type": "Mosaico2",
					"properties": {
						"initially-visible": true,
						"tile-width": 32,
						"tile-height": 32,
						"tile-x-offset": 0,
						"tile-y-offset": 0,
						"tile-x-spacing": 0,
						"tile-y-spacing": 0,
						"tile-x-drawing-offset": 0,
						"tile-y-drawing-offset": 0,
						"drawing-mode": "top-to-right"
					},
					"uid": 2,
					"instanceVariables": {},
					"behaviors": {},
					"ownData": {
						"tilemapData": {
							"width": 29,
							"height": 6,
							"max-width": 30,
							"max-height": 13,
							"data": "41,27,2x42,46,41,7x0,41,60,2x155,22,41,7x0,41,60,2x155,22,41,7x0,27,61,2x155,22,41,7x0,60,3x155,23,46,7x0,60,4x155,22,7x0,60,4x155,22,155,6x0,60,4x155,22,7x0,60,4x155,22,7x0,60,4x155,22,7x0,60,4x155,22,7x0,60,4x155,22,7x0,60,4x155,22,7x0,60,4x155,22,7x0,60,2x155,21,40,47,7x0,60,2x155,23,46,41,7x0,60,3x155,22,41,7x0,60,3x155,22,41,7x0,60,3x155,22,41,7x0,60,3x155,22,41,7x0,60,3x155,22,41,7x0,60,3x155,22,41,7x0,60,3x155,22,41,7x0,60,3x155,22,41,7x0,28,59,2x155,22,41,7x0,41,60,2x155,22,41,7x0,41,60,2x155,22,41,7x0,41,60,2x155,22,41,7x0,41,60,2x155,22,41,7x0,41,60,2x0,22,41,7x0"
						},
						"tile-width": 32,
						"tile-height": 32,
						"tile-x-offset": 0,
						"tile-y-offset": 0,
						"tile-x-spacing": 0,
						"tile-y-spacing": 0
					},
					"world": {
						"x": 0.39952214062918756,
						"y": 1.399522140629216,
						"width": 940,
						"height": 200,
						"originX": 0,
						"originY": 0,
						"color": [
							1,
							1,
							1,
							1
						],
						"zElevation": 0
					}
				},
				{
					"type": "Sprite",
					"properties": {
						"initially-visible": true,
						"initial-animation": "Animation 1",
						"initial-frame": 0,
						"enable-collisions": true,
						"live-preview": false
					},
					"uid": 4,
					"instanceVariables": {},
					"behaviors": {},
					"world": {
						"x": 174,
						"y": 69,
						"width": 57,
						"height": 59,
						"originX": 0.5,
						"originY": 0.5,
						"color": [
							1,
							1,
							1,
							1
						],
						"angle": 0,
						"zElevation": 0
					}
				},
				{
					"type": "Sprite",
					"properties": {
						"initially-visible": true,
						"initial-animation": "Animação 1",
						"initial-frame": 0,
						"enable-collisions": true,
						"live-preview": false
					},
					"uid": 5,
					"instanceVariables": {},
					"behaviors": {},
					"world": {
						"x": 387,
						"y": 68,
						"width": 57,
						"height": 59,
						"originX": 0.5,
						"originY": 0.5,
						"color": [
							1,
							1,
							1,
							1
						],
						"angle": 0,
						"zElevation": 0
					}
				},
				{
					"type": "Sprite",
					"properties": {
						"initially-visible": true,
						"initial-animation": "Animation 1",
						"initial-frame": 0,
						"enable-collisions": true,
						"live-preview": false
					},
					"uid": 6,
					"instanceVariables": {},
					"behaviors": {},
					"world": {
						"x": 694,
						"y": 66,
						"width": 57,
						"height": 59,
						"originX": 0.5,
						"originY": 0.5,
						"color": [
							1,
							1,
							1,
							1
						],
						"angle": 0,
						"zElevation": 0
					}
				},
				{
					"type": "Suporte",
					"properties": {
						"initially-visible": true,
						"initial-animation": "Animation 1",
						"initial-frame": 0,
						"enable-collisions": true,
						"live-preview": false
					},
					"uid": 3,
					"instanceVariables": {},
					"behaviors": {
						"Sólido": {
							"properties": {
								"enabled": true,
								"tags": ""
							}
						}
					},
					"world": {
						"x": 287,
						"y": 95,
						"width": 98,
						"height": 17,
						"originX": 0.5,
						"originY": 0.5,
						"color": [
							1,
							1,
							1,
							1
						],
						"angle": 0,
						"zElevation": 0
					}
				},
				{
					"type": "Baú",
					"properties": {
						"initially-visible": true,
						"initial-animation": "Animation 1",
						"initial-frame": 0,
						"enable-collisions": true,
						"live-preview": false
					},
					"uid": 7,
					"instanceVariables": {},
					"behaviors": {
						"Sólido": {
							"properties": {
								"enabled": true,
								"tags": ""
							}
						}
					},
					"world": {
						"x": 289,
						"y": 77,
						"width": 42,
						"height": 21,
						"originX": 0.5,
						"originY": 0.5,
						"color": [
							1,
							1,
							1,
							1
						],
						"angle": 0,
						"zElevation": 0
					}
				},
				{
					"type": "Caixa",
					"properties": {
						"initially-visible": true,
						"initial-animation": "Espiando",
						"initial-frame": 0,
						"enable-collisions": true,
						"live-preview": false
					},
					"uid": 8,
					"instanceVariables": {},
					"behaviors": {
						"Sólido": {
							"properties": {
								"enabled": true,
								"tags": ""
							}
						}
					},
					"world": {
						"x": 438.91898920766204,
						"y": 152.48643628024143,
						"width": 21,
						"height": 18.05,
						"originX": 0.5,
						"originY": 0.5,
						"color": [
							1,
							1,
							1,
							1
						],
						"angle": 0,
						"zElevation": 0
					}
				},
				{
					"type": "Caixa",
					"properties": {
						"initially-visible": true,
						"initial-animation": "Normal",
						"initial-frame": 0,
						"enable-collisions": true,
						"live-preview": false
					},
					"uid": 9,
					"instanceVariables": {},
					"behaviors": {
						"Sólido": {
							"properties": {
								"enabled": true,
								"tags": ""
							}
						}
					},
					"world": {
						"x": 757.3659057617188,
						"y": 120.0841293334961,
						"width": 21,
						"height": 19,
						"originX": 0.5,
						"originY": 0.5,
						"color": [
							1,
							1,
							1,
							1
						],
						"angle": 0,
						"zElevation": 0
					}
				},
				{
					"type": "Caixa",
					"properties": {
						"initially-visible": true,
						"initial-animation": "Normal",
						"initial-frame": 0,
						"enable-collisions": true,
						"live-preview": false
					},
					"uid": 10,
					"instanceVariables": {},
					"behaviors": {
						"Sólido": {
							"properties": {
								"enabled": true,
								"tags": ""
							}
						}
					},
					"world": {
						"x": 763.8970081212113,
						"y": 104.22289942718137,
						"width": 21,
						"height": 19,
						"originX": 0.5,
						"originY": 0.5,
						"color": [
							1,
							1,
							1,
							1
						],
						"angle": 0,
						"zElevation": 0
					}
				},
				{
					"type": "Caixa",
					"properties": {
						"initially-visible": true,
						"initial-animation": "Normal",
						"initial-frame": 0,
						"enable-collisions": true,
						"live-preview": false
					},
					"uid": 11,
					"instanceVariables": {},
					"behaviors": {
						"Sólido": {
							"properties": {
								"enabled": true,
								"tags": ""
							}
						}
					},
					"world": {
						"x": 759.2319326303063,
						"y": 87.0154064068758,
						"width": 21,
						"height": 19.826446280991775,
						"originX": 0.5,
						"originY": 0.5,
						"color": [
							1,
							1,
							1,
							1
						],
						"angle": 0,
						"zElevation": 0
					}
				},
				{
					"type": "Caixa",
					"properties": {
						"initially-visible": true,
						"initial-animation": "Normal",
						"initial-frame": 0,
						"enable-collisions": true,
						"live-preview": false
					},
					"uid": 12,
					"instanceVariables": {},
					"behaviors": {
						"Sólido": {
							"properties": {
								"enabled": true,
								"tags": ""
							}
						}
					},
					"world": {
						"x": 763.4305099048415,
						"y": 70.16785647961154,
						"width": 21,
						"height": 19,
						"originX": 0.5,
						"originY": 0.5,
						"color": [
							1,
							1,
							1,
							1
						],
						"angle": 0,
						"zElevation": 0
					}
				},
				{
					"type": "Porta",
					"properties": {
						"initially-visible": true,
						"initial-animation": "Fechada",
						"initial-frame": 0,
						"enable-collisions": true,
						"live-preview": false
					},
					"uid": 13,
					"instanceVariables": {},
					"behaviors": {},
					"world": {
						"x": 904.3163980496038,
						"y": 100.02431614697684,
						"width": 46,
						"height": 56,
						"originX": 0.5,
						"originY": 0.5,
						"color": [
							1,
							1,
							1,
							1
						],
						"angle": 0,
						"zElevation": 0
					}
				},
				{
					"type": "jOGADO",
					"properties": {
						"initially-visible": true,
						"initial-animation": "IDLE",
						"initial-frame": 0,
						"enable-collisions": true,
						"live-preview": false
					},
					"uid": 14,
					"instanceVariables": {},
					"behaviors": {
						"Plataforma": {
							"properties": {
								"max-speed": 170,
								"acceleration": 1500,
								"deceleration": 1500,
								"jump-strength": 350,
								"gravity": 1500,
								"max-fall-speed": 1000,
								"double-jump": true,
								"jump-sustain": 0,
								"default-controls": true,
								"enabled": true
							}
						},
						"CentrarEm": {
							"properties": {
								"enabled": true
							}
						}
					},
					"world": {
						"x": 70.56198347107437,
						"y": 131.43801652892563,
						"width": 39,
						"height": 28,
						"originX": 0.5,
						"originY": 1,
						"color": [
							1,
							1,
							1,
							1
						],
						"angle": 0,
						"zElevation": 0
					}
				},
				{
					"type": "SensorSólido",
					"properties": {
						"initially-visible": false,
						"initial-animation": "Animation 1",
						"initial-frame": 0,
						"enable-collisions": true,
						"live-preview": false
					},
					"uid": 15,
					"instanceVariables": {},
					"behaviors": {
						"Sólido": {
							"properties": {
								"enabled": true,
								"tags": ""
							}
						}
					},
					"world": {
						"x": 81.82027971251881,
						"y": 160.94265701159972,
						"width": 159.91735537190073,
						"height": 64.04958677685937,
						"originX": 0.5,
						"originY": 0.5,
						"color": [
							1,
							1,
							1,
							0.5
						],
						"angle": 0,
						"zElevation": 0
					}
				},
				{
					"type": "SensorSólido",
					"properties": {
						"initially-visible": false,
						"initial-animation": "Animation 1",
						"initial-frame": 0,
						"enable-collisions": true,
						"live-preview": false
					},
					"uid": 16,
					"instanceVariables": {},
					"behaviors": {
						"Sólido": {
							"properties": {
								"enabled": true,
								"tags": ""
							}
						}
					},
					"world": {
						"x": 17.028656226544314,
						"y": 70.66107234481936,
						"width": 30.991735537189868,
						"height": 119.4214876033057,
						"originX": 0.5,
						"originY": 0.5,
						"color": [
							1,
							1,
							1,
							0.5
						],
						"angle": 0,
						"zElevation": 0
					}
				},
				{
					"type": "SensorSólido",
					"properties": {
						"initially-visible": false,
						"initial-animation": "Animation 1",
						"initial-frame": 0,
						"enable-collisions": true,
						"live-preview": false
					},
					"uid": 17,
					"instanceVariables": {},
					"behaviors": {
						"Sólido": {
							"properties": {
								"enabled": true,
								"tags": ""
							}
						}
					},
					"world": {
						"x": 307.8533375637587,
						"y": 177.88480577193027,
						"width": 301.23966942148763,
						"height": 30.16528925619815,
						"originX": 0.5,
						"originY": 0.5,
						"color": [
							1,
							1,
							1,
							0.5
						],
						"angle": 0,
						"zElevation": 0
					}
				},
				{
					"type": "SensorSólido",
					"properties": {
						"initially-visible": false,
						"initial-animation": "Animation 1",
						"initial-frame": 0,
						"enable-collisions": true,
						"live-preview": false
					},
					"uid": 18,
					"instanceVariables": {},
					"behaviors": {
						"Sólido": {
							"properties": {
								"enabled": true,
								"tags": ""
							}
						}
					},
					"world": {
						"x": 479.582648606393,
						"y": 144.41373139176503,
						"width": 66.87195642712823,
						"height": 95.45454545454533,
						"originX": 0.5,
						"originY": 0.5,
						"color": [
							1,
							1,
							1,
							0.5
						],
						"angle": 0,
						"zElevation": 0
					}
				},
				{
					"type": "SensorSólido",
					"properties": {
						"initially-visible": false,
						"initial-animation": "Animation 1",
						"initial-frame": 0,
						"enable-collisions": true,
						"live-preview": false
					},
					"uid": 19,
					"instanceVariables": {},
					"behaviors": {
						"Sólido": {
							"properties": {
								"enabled": true,
								"tags": ""
							}
						}
					},
					"world": {
						"x": 719.0103623571475,
						"y": 161.35588015209558,
						"width": 419.4214876033059,
						"height": 63.223140495867646,
						"originX": 0.5,
						"originY": 0.5,
						"color": [
							1,
							1,
							1,
							0.5
						],
						"angle": 0,
						"zElevation": 0
					}
				},
				{
					"type": "SensorSólido",
					"properties": {
						"initially-visible": false,
						"initial-animation": "Animation 1",
						"initial-frame": 0,
						"enable-collisions": true,
						"live-preview": false
					},
					"uid": 20,
					"instanceVariables": {},
					"behaviors": {
						"Sólido": {
							"properties": {
								"enabled": true,
								"tags": ""
							}
						}
					},
					"world": {
						"x": 939.2582962414451,
						"y": 97.30629337523611,
						"width": 20.24793388429714,
						"height": 194.6280991735537,
						"originX": 0.5,
						"originY": 0.5,
						"color": [
							1,
							1,
							1,
							0.5
						],
						"angle": 0,
						"zElevation": 0
					}
				},
				{
					"type": "SensorSólido",
					"properties": {
						"initially-visible": false,
						"initial-animation": "Animation 1",
						"initial-frame": 0,
						"enable-collisions": true,
						"live-preview": false
					},
					"uid": 21,
					"instanceVariables": {},
					"behaviors": {
						"Sólido": {
							"properties": {
								"enabled": true,
								"tags": ""
							}
						}
					},
					"world": {
						"x": 848.2228478431118,
						"y": 34.909599160359946,
						"width": -160.17007035038603,
						"height": 58.264462809917205,
						"originX": 0.5,
						"originY": 0.5,
						"color": [
							1,
							1,
							1,
							0.5
						],
						"angle": 0,
						"zElevation": 0
					}
				},
				{
					"type": "SensorSólido",
					"properties": {
						"initially-visible": false,
						"initial-animation": "Animation 1",
						"initial-frame": 0,
						"enable-collisions": true,
						"live-preview": false
					},
					"uid": 22,
					"instanceVariables": {},
					"behaviors": {
						"Sólido": {
							"properties": {
								"enabled": true,
								"tags": ""
							}
						}
					},
					"world": {
						"x": 80.46988872965113,
						"y": 33.105455808818576,
						"width": 98.76033057851225,
						"height": 65.78353779519855,
						"originX": 0.5,
						"originY": 0.5,
						"color": [
							1,
							1,
							1,
							0.5
						],
						"angle": 0,
						"zElevation": 0
					}
				},
				{
					"type": "SensorSólido",
					"properties": {
						"initially-visible": false,
						"initial-animation": "Animation 1",
						"initial-frame": 0,
						"enable-collisions": true,
						"live-preview": false
					},
					"uid": 23,
					"instanceVariables": {},
					"behaviors": {
						"Sólido": {
							"properties": {
								"enabled": true,
								"tags": ""
							}
						}
					},
					"world": {
						"x": 447.935982191858,
						"y": 17.967450400029364,
						"width": 644.2148760330581,
						"height": 30.991735537189896,
						"originX": 0.5,
						"originY": 0.5,
						"color": [
							1,
							1,
							1,
							0.5
						],
						"angle": 0,
						"zElevation": 0
					}
				},
				{
					"type": "Porco_patrulheiro",
					"properties": {
						"initially-visible": true,
						"initial-animation": "RUN",
						"initial-frame": 0,
						"enable-collisions": true,
						"live-preview": false
					},
					"uid": 25,
					"instanceVariables": {
						"DIRECAO": "DIREITA"
					},
					"behaviors": {
						"Platform": {
							"properties": {
								"max-speed": 100,
								"acceleration": 1500,
								"deceleration": 1500,
								"jump-strength": 650,
								"gravity": 1500,
								"max-fall-speed": 1000,
								"double-jump": false,
								"jump-sustain": 0,
								"default-controls": false,
								"enabled": true
							}
						},
						"Solid": {
							"properties": {
								"enabled": true,
								"tags": ""
							}
						},
						"Flash": {
							"properties": {}
						}
					},
					"world": {
						"x": 334.76630907525345,
						"y": 154.50325680232115,
						"width": 21,
						"height": 19.968683328607398,
						"originX": 0.5,
						"originY": 0.5,
						"color": [
							1,
							1,
							1,
							1
						],
						"angle": 0,
						"zElevation": 0
					}
				},
				{
					"type": "Sensor_patrulheirodireita",
					"properties": {
						"initially-visible": false,
						"initial-animation": "Animation 1",
						"initial-frame": 0,
						"enable-collisions": true,
						"live-preview": false
					},
					"uid": 26,
					"instanceVariables": {},
					"behaviors": {},
					"world": {
						"x": 169.39755954068787,
						"y": 143.0782916784815,
						"width": 16.884290501845555,
						"height": 38.66507380209738,
						"originX": 0.5,
						"originY": 0.5,
						"color": [
							1,
							1,
							1,
							0.5
						],
						"angle": 0,
						"zElevation": 0
					}
				},
				{
					"type": "Sensor_patrulheiroesquerda",
					"properties": {
						"initially-visible": false,
						"initial-animation": "Animation 1",
						"initial-frame": 0,
						"enable-collisions": true,
						"live-preview": false
					},
					"uid": 27,
					"instanceVariables": {},
					"behaviors": {},
					"world": {
						"x": 421.63498527316017,
						"y": 143.52206126269863,
						"width": 16.884290501845555,
						"height": 37.81687856535241,
						"originX": 0.5,
						"originY": 0.5,
						"color": [
							1,
							1,
							1,
							0.5
						],
						"angle": 0,
						"zElevation": 0
					}
				},
				{
					"type": "Porco_patrulheiro",
					"properties": {
						"initially-visible": true,
						"initial-animation": "RUN",
						"initial-frame": 0,
						"enable-collisions": true,
						"live-preview": false
					},
					"uid": 28,
					"instanceVariables": {
						"DIRECAO": "DIREITA"
					},
					"behaviors": {
						"Platform": {
							"properties": {
								"max-speed": 100,
								"acceleration": 1500,
								"deceleration": 1500,
								"jump-strength": 650,
								"gravity": 1500,
								"max-fall-speed": 1000,
								"double-jump": false,
								"jump-sustain": 0,
								"default-controls": false,
								"enabled": true
							}
						},
						"Solid": {
							"properties": {
								"enabled": true,
								"tags": ""
							}
						},
						"Flash": {
							"properties": {}
						}
					},
					"world": {
						"x": 672.9558506720001,
						"y": 120.00019697709524,
						"width": 21,
						"height": 19.968683328607398,
						"originX": 0.5,
						"originY": 0.5,
						"color": [
							1,
							1,
							1,
							1
						],
						"angle": 0,
						"zElevation": 0
					}
				},
				{
					"type": "Porco_patrulheiro",
					"properties": {
						"initially-visible": true,
						"initial-animation": "RUN",
						"initial-frame": 0,
						"enable-collisions": true,
						"live-preview": false
					},
					"uid": 29,
					"instanceVariables": {
						"DIRECAO": "DIREITA"
					},
					"behaviors": {
						"Platform": {
							"properties": {
								"max-speed": 100,
								"acceleration": 1500,
								"deceleration": 1500,
								"jump-strength": 650,
								"gravity": 1500,
								"max-fall-speed": 1000,
								"double-jump": false,
								"jump-sustain": 0,
								"default-controls": false,
								"enabled": true
							}
						},
						"Solid": {
							"properties": {
								"enabled": true,
								"tags": ""
							}
						},
						"Flash": {
							"properties": {}
						}
					},
					"world": {
						"x": 485.047041459517,
						"y": 87.27291662042802,
						"width": 21,
						"height": 19.968683328607398,
						"originX": 0.5,
						"originY": 0.5,
						"color": [
							1,
							1,
							1,
							1
						],
						"angle": 0,
						"zElevation": 0
					}
				},
				{
					"type": "Sensor_patrulheiroesquerda",
					"properties": {
						"initially-visible": false,
						"initial-animation": "Animation 1",
						"initial-frame": 0,
						"enable-collisions": true,
						"live-preview": false
					},
					"uid": 30,
					"instanceVariables": {},
					"behaviors": {},
					"world": {
						"x": 503.5080538997016,
						"y": 79.87542654535494,
						"width": 16.884290501845555,
						"height": 37.81687856535241,
						"originX": 0.5,
						"originY": 0.5,
						"color": [
							1,
							1,
							1,
							0.5
						],
						"angle": 0,
						"zElevation": 0
					}
				},
				{
					"type": "Sensor_patrulheirodireita",
					"properties": {
						"initially-visible": false,
						"initial-animation": "Animation 1",
						"initial-frame": 0,
						"enable-collisions": true,
						"live-preview": false
					},
					"uid": 31,
					"instanceVariables": {},
					"behaviors": {},
					"world": {
						"x": 464.45286280955975,
						"y": 78.74648145957264,
						"width": 16.884290501845555,
						"height": 38.66507380209738,
						"originX": 0.5,
						"originY": 0.5,
						"color": [
							1,
							1,
							1,
							0.5
						],
						"angle": 0,
						"zElevation": 0
					}
				},
				{
					"type": "Sensor_patrulheirodireita",
					"properties": {
						"initially-visible": false,
						"initial-animation": "Animation 1",
						"initial-frame": 0,
						"enable-collisions": true,
						"live-preview": false
					},
					"uid": 32,
					"instanceVariables": {},
					"behaviors": {},
					"world": {
						"x": 530.3587646484375,
						"y": 111.52954098938062,
						"width": 16.884290501845555,
						"height": 38.66507380209738,
						"originX": 0.5,
						"originY": 0.5,
						"color": [
							1,
							1,
							1,
							0.5
						],
						"angle": 0,
						"zElevation": 0
					}
				},
				{
					"type": "Sensor_patrulheiroesquerda",
					"properties": {
						"initially-visible": false,
						"initial-animation": "Animation 1",
						"initial-frame": 0,
						"enable-collisions": true,
						"live-preview": false
					},
					"uid": 33,
					"instanceVariables": {},
					"behaviors": {},
					"world": {
						"x": 738.0845876165821,
						"y": 109.83609980041498,
						"width": 16.884290501845555,
						"height": 37.81687856535241,
						"originX": 0.5,
						"originY": 0.5,
						"color": [
							1,
							1,
							1,
							0.5
						],
						"angle": 0,
						"zElevation": 0
					}
				},
				{
					"type": "Porco_patrulheiro",
					"properties": {
						"initially-visible": true,
						"initial-animation": "RUN",
						"initial-frame": 0,
						"enable-collisions": true,
						"live-preview": false
					},
					"uid": 34,
					"instanceVariables": {
						"DIRECAO": "DIREITA"
					},
					"behaviors": {
						"Platform": {
							"properties": {
								"max-speed": 100,
								"acceleration": 1500,
								"deceleration": 1500,
								"jump-strength": 650,
								"gravity": 1500,
								"max-fall-speed": 1000,
								"double-jump": false,
								"jump-sustain": 0,
								"default-controls": false,
								"enabled": true
							}
						},
						"Solid": {
							"properties": {
								"enabled": true,
								"tags": ""
							}
						},
						"Flash": {
							"properties": {}
						}
					},
					"world": {
						"x": 231.7532444445837,
						"y": 153.3004718817147,
						"width": 21,
						"height": 19.968683328607398,
						"originX": 0.5,
						"originY": 0.5,
						"color": [
							1,
							1,
							1,
							1
						],
						"angle": 0,
						"zElevation": 0
					}
				},
				{
					"type": "Porco_patrulheiro",
					"properties": {
						"initially-visible": true,
						"initial-animation": "RUN",
						"initial-frame": 0,
						"enable-collisions": true,
						"live-preview": false
					},
					"uid": 35,
					"instanceVariables": {
						"DIRECAO": "DIREITA"
					},
					"behaviors": {
						"Platform": {
							"properties": {
								"max-speed": 100,
								"acceleration": 1500,
								"deceleration": 1500,
								"jump-strength": 650,
								"gravity": 1500,
								"max-fall-speed": 1000,
								"double-jump": false,
								"jump-sustain": 0,
								"default-controls": false,
								"enabled": true
							}
						},
						"Solid": {
							"properties": {
								"enabled": true,
								"tags": ""
							}
						},
						"Flash": {
							"properties": {}
						}
					},
					"world": {
						"x": 577.2099678375255,
						"y": 119.99660213317907,
						"width": 21,
						"height": 19.968683328607398,
						"originX": 0.5,
						"originY": 0.5,
						"color": [
							1,
							1,
							1,
							1
						],
						"angle": 0,
						"zElevation": 0
					}
				},
				{
					"type": "Porco_patrulheiro",
					"properties": {
						"initially-visible": true,
						"initial-animation": "RUN",
						"initial-frame": 0,
						"enable-collisions": true,
						"live-preview": false
					},
					"uid": 36,
					"instanceVariables": {
						"DIRECAO": "DIREITA"
					},
					"behaviors": {
						"Platform": {
							"properties": {
								"max-speed": 100,
								"acceleration": 1500,
								"deceleration": 1500,
								"jump-strength": 650,
								"gravity": 1500,
								"max-fall-speed": 1000,
								"double-jump": false,
								"jump-sustain": 0,
								"default-controls": false,
								"enabled": true
							}
						},
						"Solid": {
							"properties": {
								"enabled": true,
								"tags": ""
							}
						},
						"Flash": {
							"properties": {}
						}
					},
					"world": {
						"x": 818.6686650817878,
						"y": 118.7872716491706,
						"width": 21,
						"height": 19.968683328607398,
						"originX": 0.5,
						"originY": 0.5,
						"color": [
							1,
							1,
							1,
							1
						],
						"angle": 0,
						"zElevation": 0
					}
				},
				{
					"type": "Sensor_patrulheiroesquerda",
					"properties": {
						"initially-visible": false,
						"initial-animation": "Animation 1",
						"initial-frame": 0,
						"enable-collisions": true,
						"live-preview": false
					},
					"uid": 37,
					"instanceVariables": {},
					"behaviors": {},
					"world": {
						"x": 867.7777612310806,
						"y": 110.32019110656785,
						"width": 16.884290501845555,
						"height": 37.81687856535241,
						"originX": 0.5,
						"originY": 0.5,
						"color": [
							1,
							1,
							1,
							0.5
						],
						"angle": 0,
						"zElevation": 0
					}
				},
				{
					"type": "Sensor_patrulheirodireita",
					"properties": {
						"initially-visible": false,
						"initial-animation": "Animation 1",
						"initial-frame": 0,
						"enable-collisions": true,
						"live-preview": false
					},
					"uid": 38,
					"instanceVariables": {},
					"behaviors": {},
					"world": {
						"x": 645.3757947320589,
						"y": 111.44915490234484,
						"width": 16.884290501845555,
						"height": 38.66507380209738,
						"originX": 0.5,
						"originY": 0.5,
						"color": [
							1,
							1,
							1,
							0.5
						],
						"angle": 0.026208023380833723,
						"zElevation": 0
					}
				},
				{
					"type": "Sensor_patrulheiroesquerda",
					"properties": {
						"initially-visible": false,
						"initial-animation": "Animation 1",
						"initial-frame": 0,
						"enable-collisions": true,
						"live-preview": false
					},
					"uid": 39,
					"instanceVariables": {},
					"behaviors": {},
					"world": {
						"x": 625.0547914202914,
						"y": 110.8846504809573,
						"width": 16.884290501845555,
						"height": 37.81687856535241,
						"originX": 0.5,
						"originY": 0.5,
						"color": [
							1,
							1,
							1,
							0.5
						],
						"angle": 0,
						"zElevation": 0
					}
				},
				{
					"type": "Sensor_patrulheirodireita",
					"properties": {
						"initially-visible": false,
						"initial-animation": "Animation 1",
						"initial-frame": 0,
						"enable-collisions": true,
						"live-preview": false
					},
					"uid": 40,
					"instanceVariables": {},
					"behaviors": {},
					"world": {
						"x": 306.69249931030345,
						"y": 141.93060995361355,
						"width": 16.884290501845555,
						"height": 38.66507380209738,
						"originX": 0.5,
						"originY": 0.5,
						"color": [
							1,
							1,
							1,
							0.5
						],
						"angle": 0,
						"zElevation": 0
					}
				},
				{
					"type": "Sensor_patrulheiroesquerda",
					"properties": {
						"initially-visible": false,
						"initial-animation": "Animation 1",
						"initial-frame": 0,
						"enable-collisions": true,
						"live-preview": false
					},
					"uid": 41,
					"instanceVariables": {},
					"behaviors": {},
					"world": {
						"x": 287.50039264098916,
						"y": 142.4951019024666,
						"width": 16.884290501845555,
						"height": 37.81687856535241,
						"originX": 0.5,
						"originY": 0.5,
						"color": [
							1,
							1,
							1,
							0.5
						],
						"angle": 0,
						"zElevation": 0
					}
				},
				{
					"type": "VIDA_HUD",
					"properties": {
						"initially-visible": true,
						"initial-animation": "3",
						"initial-frame": 0,
						"enable-collisions": true,
						"live-preview": false
					},
					"uid": 42,
					"instanceVariables": {},
					"behaviors": {
						"Anchor": {
							"properties": {
								"left-edge": "window-left",
								"top-edge": "window-top",
								"right-edge": "none",
								"bottom-edge": "none",
								"enabled": true
							}
						}
					},
					"world": {
						"x": 47.72916753418127,
						"y": 25.529014411621148,
						"width": 66,
						"height": 34,
						"originX": 0.5,
						"originY": 0.5,
						"color": [
							1,
							1,
							1,
							1
						],
						"angle": 0,
						"zElevation": 0
					}
				},
				{
					"type": "TXP_Nome",
					"properties": {
						"text": "",
						"placeholder": "Nome:",
						"tooltip": "",
						"initially-visible": true,
						"enabled": true,
						"read-only": false,
						"spell-check": false,
						"type": "text",
						"auto-font-size": false,
						"id": "",
						"class": ""
					},
					"uid": 43,
					"instanceVariables": {},
					"behaviors": {},
					"world": {
						"x": 1208,
						"y": -193,
						"width": 314,
						"height": 48,
						"originX": 0,
						"originY": 0,
						"color": [
							1,
							1,
							1,
							1
						]
					}
				},
				{
					"type": "TXP_Pontos",
					"properties": {
						"text": "",
						"placeholder": "Pontos:",
						"tooltip": "",
						"initially-visible": true,
						"enabled": true,
						"read-only": false,
						"spell-check": false,
						"type": "text",
						"auto-font-size": false,
						"id": "",
						"class": ""
					},
					"uid": 44,
					"instanceVariables": {},
					"behaviors": {},
					"world": {
						"x": 1210,
						"y": -129,
						"width": 308,
						"height": 53,
						"originX": 0,
						"originY": 0,
						"color": [
							1,
							1,
							1,
							1
						]
					}
				},
				{
					"type": "BTN_Enviar",
					"properties": {
						"type": "button",
						"text": "Enviar",
						"tooltip": "",
						"initially-visible": true,
						"enabled": true,
						"auto-font-size": true,
						"checked": false,
						"id": "",
						"class": ""
					},
					"uid": 45,
					"instanceVariables": {},
					"behaviors": {},
					"world": {
						"x": 1537,
						"y": -189,
						"width": 121,
						"height": 41,
						"originX": 0,
						"originY": 0,
						"color": [
							1,
							1,
							1,
							1
						]
					}
				},
				{
					"type": "BTN_Atualizar",
					"properties": {
						"type": "button",
						"text": "Atualizar",
						"tooltip": "",
						"initially-visible": true,
						"enabled": true,
						"auto-font-size": true,
						"checked": false,
						"id": "",
						"class": ""
					},
					"uid": 46,
					"instanceVariables": {},
					"behaviors": {},
					"world": {
						"x": 1533,
						"y": -126,
						"width": 123,
						"height": 52,
						"originX": 0,
						"originY": 0,
						"color": [
							1,
							1,
							1,
							1
						]
					}
				},
				{
					"type": "TXT_Ranking",
					"properties": {
						"text": "Text",
						"enable-bbcode": true,
						"font": "Arial",
						"size": 12,
						"line-height": 0,
						"bold": false,
						"italic": false,
						"color": [
							0,
							0,
							0,
							1
						],
						"horizontal-alignment": "left",
						"vertical-alignment": "top",
						"wrapping": "word",
						"text-direction": "ltr",
						"icon-set": -1,
						"initially-visible": true,
						"origin": "top-left",
						"read-aloud": false
					},
					"uid": 47,
					"instanceVariables": {},
					"behaviors": {},
					"world": {
						"x": 1208,
						"y": -68,
						"width": 311,
						"height": 300,
						"originX": 0,
						"originY": 0,
						"color": [
							1,
							1,
							1,
							1
						],
						"angle": 0,
						"zElevation": 0
					}
				}
			],
			"sid": 804542430838450,
			"effectTypes": [],
			"isInitiallyVisible": true,
			"isInitiallyInteractive": true,
			"isHTMLElementsLayer": false,
			"color": [
				1,
				1,
				1,
				1
			],
			"backgroundColor": [
				1,
				1,
				1,
				1
			],
			"isTransparent": false,
			"parallaxX": 1,
			"parallaxY": 1,
			"scaleRate": 1,
			"forceOwnTexture": false,
			"renderingMode": "3d",
			"drawOrder": "z-order",
			"useRenderCells": false,
			"blendMode": "normal",
			"zElevation": 0,
			"global": false
		}
	],
	"sid": 760241260112852,
	"nonworld-instances": [],
	"effectTypes": [],
	"width": 940,
	"height": 180,
	"unboundedScrolling": false,
	"vpX": 0.5,
	"vpY": 0.5,
	"projection": "perspective",
	"eventSheet": "eJogo"
}