{
	"name": "Baú",
	"plugin-id": "Sprite",
	"sid": 391974583694353,
	"isGlobal": false,
	"instanceVariables": [],
	"behaviorTypes": [
		{
			"behaviorId": "solid",
			"name": "Sólido",
			"sid": 168012346385088
		}
	],
	"effectTypes": [],
	"animations": {
		"items": [
			{
				"frames": [
					{
						"width": 145,
						"height": 110,
						"originX": 0.5,
						"originY": 0.5,
						"originalSource": "",
						"exportFormat": "lossless",
						"exportQuality": 0.8,
						"imageSpriteId": 6458088,
						"collisionPoly": {
							"points": [
								0.10344827586206896,
								0,
								0.896551724137931,
								0,
								1,
								0.13636363636363635,
								1,
								0.9545454545454546,
								0.9655172413793104,
								1,
								0.034482758620689655,
								1,
								0,
								0.9545454545454546,
								0,
								0.13636363636363635
							]
						},
						"useCollisionPoly": true,
						"duration": 1,
						"tag": ""
					}
				],
				"sid": 810134614284409,
				"name": "Animation 1",
				"isLooping": false,
				"isPingPong": false,
				"repeatCount": 1,
				"repeatTo": 0,
				"speed": 5
			}
		],
		"subfolders": []
	}
}