{
	"name": "Sprite",
	"plugin-id": "Sprite",
	"sid": 305078568936221,
	"isGlobal": false,
	"instanceVariables": [],
	"behaviorTypes": [],
	"effectTypes": [],
	"animations": {
		"items": [
			{
				"frames": [
					{
						"width": 57,
						"height": 59,
						"originX": 0.5,
						"originY": 0.5,
						"originalSource": "",
						"exportFormat": "lossless",
						"exportQuality": 0.8,
						"imageSpriteId": 5929303,
						"collisionPoly": {
							"points": [
								0.17543859649122806,
								0.01694915254237288,
								0.45614035087719296,
								0.01694915254237288,
								0.5263157894736842,
								0.05084745762711865,
								0.5789473684210527,
								0.1016949152542373,
								0.7017543859649122,
								0.288135593220339,
								0.6140350877192983,
								0.7457627118644068,
								0.21052631578947367,
								0.7627118644067796,
								0.017543859649122806,
								0.7288135593220338,
								0.017543859649122806,
								0.1694915254237288,
								0.05263157894736842,
								0.1016949152542373,
								0.10526315789473684,
								0.05084745762711865
							]
						},
						"useCollisionPoly": true,
						"duration": 1,
						"tag": ""
					}
				],
				"sid": 482231955518641,
				"name": "Animation 1",
				"isLooping": false,
				"isPingPong": false,
				"repeatCount": 1,
				"repeatTo": 0,
				"speed": 5
			},
			{
				"frames": [
					{
						"width": 57,
						"height": 59,
						"originX": 0.5,
						"originY": 0.5,
						"originalSource": "",
						"exportFormat": "lossless",
						"exportQuality": 0.8,
						"imageSpriteId": 471393,
						"collisionPoly": {
							"points": [
								0.8947368421052632,
								0.05084745762711865,
								0.9473684210526316,
								0.1016949152542373,
								0.9824561403508771,
								0.1694915254237288,
								0.9824561403508771,
								0.7288135593220338,
								0.7894736842105263,
								0.7627118644067796,
								0.38596491228070173,
								0.7457627118644068,
								0.29824561403508776,
								0.288135593220339,
								0.42105263157894735,
								0.1016949152542373,
								0.4736842105263158,
								0.05084745762711865,
								0.543859649122807,
								0.01694915254237288,
								0.8245614035087719,
								0.01694915254237288
							]
						},
						"useCollisionPoly": true,
						"duration": 1,
						"tag": ""
					}
				],
				"sid": 425935405100460,
				"name": "Animação 1",
				"isLooping": false,
				"isPingPong": false,
				"repeatCount": 1,
				"repeatTo": 0,
				"speed": 5
			}
		],
		"subfolders": []
	}
}