[["Mosaico",{"brushes":"[{\"name\":\"Brush 0\",\"type\":\"auto16\",\"data\":[[0,33,3,36],[1,34,2,35],[11,22,14,25],[12,23,13,24]]},{\"name\":\"Brush 1\",\"type\":\"auto47\",\"data\":[[73,39,72,43,37,70,40,38],[71,41,42,5,51,62,50,61],[21,48,59,18,49,60,19,20],[75,10,32,15,8,30,65,54],[4,7,29,17,9,31,52,63],[6,27,53,26,28,64,16,null]]}]"}],["Mosaico2",{"brushes":"[{\"name\":\"Brush 0\",\"type\":\"auto16\",\"data\":[[0,33,3,36],[1,34,2,35],[11,22,14,25],[12,23,13,24]]},{\"name\":\"Brush 1\",\"type\":\"auto47\",\"data\":[[73,39,72,43,37,70,40,38],[71,41,42,5,51,62,50,61],[21,48,59,18,49,60,19,20],[75,10,32,15,8,30,65,54],[4,7,29,17,9,31,52,63],[6,27,53,26,28,64,16,null]]}]"}],["Sprite",{"animations":"{\"expanded\":true,\"subfolders\":[]}"}],["Suporte",{"animations":"{\"expanded\":true,\"subfolders\":[]}"}],["Baú",{"animations":"{\"expanded\":true,\"subfolders\":[]}"}],["Caixa",{"animations":"{\"expanded\":true,\"subfolders\":[]}"}],["Porta",{"animations":"{\"expanded\":true,\"subfolders\":[]}"}],["jOGADO",{"animations":"{\"expanded\":true,\"subfolders\":[]}"}],["SensorSólido",{"animations":"{\"expanded\":true,\"subfolders\":[]}"}],["Porco_patrulheiro",{"animations":"{\"expanded\":true,\"subfolders\":[]}"}],["Sensor_patrulheirodireita",{"animations":"{\"expanded\":true,\"subfolders\":[]}"}],["Sensor_patrulheiroesquerda",{"animations":"{\"expanded\":true,\"subfolders\":[]}"}],["VIDA_HUD",{"animations":"{\"expanded\":true,\"subfolders\":[]}"}]]