{"propertiesBar":{"properties":[{"name":"About","expanded":true,"children":[]},{"name":"Colors","expanded":true,"children":[]},{"name":"Startup","expanded":true,"children":[]},{"name":"Display","expanded":true,"children":[{"name":"Viewport size","expanded":false,"children":[]}]},{"name":"Advanced","expanded":true,"children":[]},{"name":"Compatibility settings","expanded":true,"children":[]},{"name":"Editor","expanded":true,"children":[]}],"scrollPosition":0},"openTabs":{"active":{"name":"Jogo","type":"layout"},"open":[{"name":"Jogo","type":"layout"},{"name":"eJogo","type":"eventSheet"}]},"previewEffects":true,"previewBrowser":"default","pauseOnUnfocus":false,"projectBar":{"name":"<root>","children":[{"name":"Trablaho Jogo","expanded":true,"children":[{"name":"Layouts","expanded":true,"children":[{"name":"Jogo","expanded":true,"children":[]}]},{"name":"Event sheets","expanded":true,"children":[{"name":"eJogo","expanded":true,"children":[]}]},{"name":"Scripts","expanded":true,"children":[]},{"name":"Object types","expanded":true,"children":[{"name":"AJAX","expanded":true,"children":[]},{"name":"Baú","expanded":true,"children":[]},{"name":"BTN_Atualizar","expanded":true,"children":[]},{"name":"BTN_Enviar","expanded":true,"children":[]},{"name":"Caixa","expanded":true,"children":[]},{"name":"jOGADO","expanded":true,"children":[]},{"name":"Mosaico","expanded":true,"children":[]},{"name":"Mosaico2","expanded":true,"children":[]},{"name":"Porco_patrulheiro","expanded":true,"children":[]},{"name":"Porta","expanded":true,"children":[]},{"name":"Sensor_patrulheirodireita","expanded":true,"children":[]},{"name":"Sensor_patrulheiroesquerda","expanded":true,"children":[]},{"name":"SensorSólido","expanded":true,"children":[]},{"name":"Sprite","expanded":true,"children":[]},{"name":"Suporte","expanded":true,"children":[]},{"name":"Teclado","expanded":true,"children":[]},{"name":"TXP_Nome","expanded":true,"children":[]},{"name":"TXP_Pontos","expanded":true,"children":[]},{"name":"TXT_Ranking","expanded":true,"children":[]},{"name":"VIDA_HUD","expanded":true,"children":[]}]},{"name":"Families","expanded":true,"children":[]},{"name":"Timelines","expanded":true,"children":[{"name":"Eases","expanded":false,"children":[]},{"name":"Linha do tempo 1","expanded":true,"children":[]}]},{"name":"Flowcharts","expanded":true,"children":[]},{"name":"Sounds","expanded":true,"children":[]},{"name":"Music","expanded":true,"children":[]},{"name":"Videos","expanded":true,"children":[]},{"name":"Fonts","expanded":true,"children":[]},{"name":"Icons","expanded":false,"children":[{"name":"icon-128.png","expanded":true,"children":[]},{"name":"icon-16.png","expanded":true,"children":[]},{"name":"icon-256.png","expanded":true,"children":[]},{"name":"icon-32.png","expanded":true,"children":[]},{"name":"icon-512.png","expanded":true,"children":[]},{"name":"icon-64.png","expanded":true,"children":[]},{"name":"loading-logo.png","expanded":true,"children":[]}]},{"name":"Files","expanded":true,"children":[]}]}]},"propertiesBarActiveObject":{"name":"Jogo","type":"layout"}}